{"cameraMode":{"drawMode":0,"name":"Shaded","section":"Shading Mode"},"sceneLighting":true,"audioPlay":false,"sceneViewState":{"showFog":true,"showMaterialUpdate":false,"showSkybox":true,"showFlares":true,"showImageEffects":true,"showParticleSystems":true},"in2DMode":false,"pivot":{"x":0.07997989654541016,"y":2.6665706634521486,"z":-95.0002212524414},"rotation":{"x":0.3347758948802948,"y":0.25147390365600588,"z":-0.09318219870328903,"w":0.9033504724502564},"size":6.4283623695373539,"orthographic":false}