{"cameraMode":{"drawMode":0,"name":"Shaded","section":"Shading Mode"},"sceneLighting":false,"audioPlay":false,"sceneViewState":{"showFog":true,"showMaterialUpdate":false,"showSkybox":false,"showFlares":true,"showImageEffects":true,"showParticleSystems":true},"in2DMode":false,"pivot":{"x":1.1920928955078126e-7,"y":2.7506346702575685,"z":0.0},"rotation":{"x":0.21061009168624879,"y":-0.1416647881269455,"z":0.03086193837225437,"w":0.9667606353759766},"size":2.979792356491089,"orthographic":false}