{"cameraMode":{"drawMode":0,"name":"Shaded","section":"Shading Mode"},"sceneLighting":true,"audioPlay":false,"sceneViewState":{"showFog":true,"showMaterialUpdate":false,"showSkybox":true,"showFlares":true,"showImageEffects":true,"showParticleSystems":true},"in2DMode":false,"pivot":{"x":-10.841925621032715,"y":-19.321475982666017,"z":164.0294189453125},"rotation":{"x":0.1365356594324112,"y":-0.07866629213094711,"z":0.010890908539295197,"w":0.9874637722969055},"size":44.46574020385742,"orthographic":false}